Name,Surname,Role,Username,Password
John,Doe,Admin,johndoe,password123
Jane,Smith,User,janesmith,user123
Michael,Johnson,Admin,michaelj,password456
Emily,Williams,User,emilyw,password789
David,Brown,Admin,davidb,password1234
Jennifer,Davis,User,jenniferd,user456
Christopher,Miller,Admin,christopherm,password7890
Jessica,Wilson,User,jessicaw,user1234
Matthew,Martinez,Admin,matthewm,password5678
Amanda,Anderson,User,amandaa,user8901
Daniel,Taylor,Admin,danielt,password2345
Ashley,Thompson,User,ashleyt,user5678
Christopher,White,Admin,christopherw,password9012
Sarah,Lopez,User,sarahl,user3456
James,Hill,Admin,jamesh,password6789
Elizabeth,Lee,User,elizabethl,user0123
Joshua,Hall,Admin,joshuah,password3456
Megan,Green,User,megang,user7890
William,Adams,Admin,williama,password8901
Lauren,Baker,User,laurenb,user2345
Ryan,Gonzalez,Admin,ryang,password4567
Rachel,Clark,User,rachelc,user9012
Justin,Nelson,Admin,justinn,password0123
Stephanie,Wright,User,stephaniew,user4567
Brandon,Mitchell,Admin,brandonm,password6789
Samantha,Kelly,User,samanthak,user8901
Andrew,Carter,Admin,andrewc,password12345
Rebecca,Morris,User,rebeccam,user3456
Nicholas,Perez,Admin,nicholasp,password2345
Kelsey,Rivera,User,kelseyr,user5678
Tyler,Cook,Admin,tylerc,password7890
Kayla,Ross,User,kaylar,user8901
Eric,Ward,Admin,ericw,password3456
Melissa,Hughes,User,melissah,user0123
Adam,Brooks,Admin,adamb,password9012
Maria,Richardson,User,mariaa,user4567
Jason,Wood,Admin,jasonw,password6789
Hannah,Watson,User,hannahw,user2345
Joseph,Gray,Admin,josephg,password8901
Julie,Bailey,User,julieb,user7890
Kevin,Sanders,Admin,kevins,password2345
Laura,Flores,User,lauraf,user5678
Zachary,Gomez,Admin,zacharyg,password8901
Taylor,Price,User,taylorp,user0123
Christina,Howard,Admin,christinah,password4567
Aaron,Bennett,User,aaronb,user7890
Kaylee,Murphy,Admin,kayleem,password2345
